{
  "interactionModel": {
    "languageModel": {
      "invocationName": "init quiz",
      "intents": [
        {
          "name": "AMAZON.CancelIntent",
          "samples": []
        },
        {
          "name": "AMAZON.HelpIntent",
          "samples": []
        },
        {
          "name": "AMAZON.StopIntent",
          "samples": []
        },
        {
          "name": "AMAZON.NavigateHomeIntent",
          "samples": []
        },
        {
          "name": "HelloWorldIntent",
          "slots": [],
          "samples": [
            "namaste",
            "hello",
            "how are you",
            "say hi world",
            "say hi",
            "hi",
            "say hello world",
            "say hello"
          ]
        },
        {
          "name": "AMAZON.FallbackIntent",
          "samples": []
        },
        {
          "name": "ProgrammingMeme",
          "slots": [],
          "samples": [
            "say a programming meme",
            "tell some meme",
            "I want a meme",
            "give me meme",
            "meme"
          ]
        }
      ],
      "types": []
    }
  },
  "version": "5"
}