{
  "manifest": {
    "apis": {
      "custom": {
        "endpoint": {
          "uri": "arn:aws:lambda:eu-west-1:538391442044:function:7871d42a-3adf-4f82-a768-c01f744e7257:Release_0"
        },
        "interfaces": [],
        "regions": {
          "NA": {
            "endpoint": {
              "uri": "arn:aws:lambda:us-east-1:538391442044:function:7871d42a-3adf-4f82-a768-c01f744e7257:Release_0"
            }
          },
          "EU": {
            "endpoint": {
              "uri": "arn:aws:lambda:eu-west-1:538391442044:function:7871d42a-3adf-4f82-a768-c01f744e7257:Release_0"
            }
          },
          "FE": {
            "endpoint": {
              "uri": "arn:aws:lambda:us-west-2:538391442044:function:7871d42a-3adf-4f82-a768-c01f744e7257:Release_0"
            }
          }
        }
      }
    },
    "manifestVersion": "1.0",
    "publishingInformation": {
      "distributionCountries": [],
      "isAvailableWorldwide": true,
      "locales": {
        "en-IN": {
          "name": "GWH Init Amazon alexa"
        }
      },
      "testingInstructions": "Sample Testing Instructions."
    }
  }
}